Filename,Table name [should match with redivis],Description,URL,Reference,DOI,Original License,Public Reshare?,Derived License,Notes,Contributor,Date,BibTex
16_personalityfactors,16_personalityfactors,Personality assessment,http://openpsychometrics.org/_rawdata/,Catell's 16 Personality Factors Test [dataset and codebook]. http://openpsychometrics.org/_rawdata/16PF.zip,,,Public,CC BY 4.0,,LCM,,"@misc{16PF,
  title = {Catell's 16 Personality Factors Test [dataset and codebook]},
  howpublished = {\\url{http://openpsychometrics.org/_rawdata/16PF.zip}},
  note = {Accessed via http://openpsychometrics.org/_rawdata/},
  year = {n.d.}
}"
4thgrade_math_sirt,4thgrade_math_sirt,Data from a 4th grade math test of German students.,https://cran.r-project.org/web/packages/sirt/index.html,"Robitzsch A (2022). sirt: Supplementary Item Response Theory Models. R package version 3.12-66, https://CRAN.R-project.org/package=sirt.",,GPL-2 | GPL-3 ,Public,GPL-3,Data modified from original on 1-29-2023,BD,,"@Manual{Robitzsch2022,
  title = {sirt: Supplementary Item Response Theory Models},
  author = {Alexander Robitzsch},
  year = {2022},
  note = {R package version 3.12-66},
  url = {https://CRAN.R-project.org/package=sirt}
}"
abortion,abortion,Attitudes on abortion,https://cran.r-project.org/web/packages/ltm/index.html,"McGrath, K. and Waterton, J. (1986) British social attitudes, 1983-86 panel survey. London: SCPR.",,GPL-2 | GPL-3,Public,GPL-3,Data modified from original on 1-25-2023,BD,,"@book{mcgrath1986british,
  title={British social attitudes, 1983-86 panel survey},
  author={McGrath, K. and Waterton, J.},
  year={1986},
  publisher={SCPR},
  address={London},
  url={https://cran.r-project.org/web/packages/ltm/index.html}
}"
acl_mokken,acl_mokken,Data from the ajective check list,https://cran.r-project.org/web/packages/mokken/index.html,"Gough, H. G., & Heilbrun,A. B. (1980) The Adjective Check List, Manual 1980 Edition. Consulting Psychologists Press.",,GPL-2 | GPL-3 ,Public,GPL-3,Data modified from original on 2-7-2023,BD,,"@book{gough1980adjective,
  title={The Adjective Check List, Manual 1980 Edition},
  author={Gough, Harrison G. and Heilbrun, Alfred B.},
  year={1980},
  publisher={Consulting Psychologists Press},
  url={https://cran.r-project.org/web/packages/mokken/index.html}
}"
anxiety_lordif,anxiety_lordif,Reports for PROMIS anxiety measure,https://cran.r-project.org/web/packages/lordif/index.html,"PROMIS Cooperative Group. Unpublished Manual for the Patient-Reported Outcomes Measurement Information System (PROMIS) Version 1.1. October, 2008: http://www.nihpromis.org",,GPL-2 | GPL-3 ,Public,GPL-3,Data modified from original on 5-8-2023,BD,,"@manual{promis2008,
  title = {Unpublished Manual for the Patient-Reported Outcomes Measurement Information System (PROMIS) Version 1.1},
  author = {{PROMIS Cooperative Group}},
  year = {2008},
  month = {October},
  url = {http://www.nihpromis.org},
  note = {Available at: https://cran.r-project.org/web/packages/lordif/index.html}
}"
approaches_to_text_study1,approaches_to_text_study1,"Item responses for study 1 of the Approaches to Text Questionnaire wherein participants completed survey items to the 87-item TReAT-Q, need for cognition, and a subset of questions from the adult reading history questionnaire",https://osf.io/e7xpy/?view_only=0b3180a18cd94803a7c743096c95dd79,"Calloway RC, Helder A, Perfetti CA. Study 1 TReATQ, RH, NFC Raw Data [data set] from ""A measure of individual differences in readers' approaches to text and its relation to reading experience and reading comprehension"". Behav Res Methods. 2023 Feb;55(2):899-931. https://osf.io/e7xpy/?view_only=0b3180a18cd94803a7c743096c95dd79",,,,,,LCM,,"@dataset{calloway_study_2023,
  author = {Calloway, Regina C. and Helder, Anne and Perfetti, Charles A.},
  title = {Study 1 {TReATQ}, {RH}, {NFC} Raw Data from 'A measure of individual differences in readers\' approaches to text and its relation to reading experience and reading comprehension'},
  year = {2023},
  publisher = {OSF},
  journal = {Behavior Research Methods},
  volume = {55},
  number = {2},
  pages = {899--931},
  url = {https://osf.io/e7xpy/?view_only=0b3180a18cd94803a7c743096c95dd79}
}"
approaches_to_text_study2,approaches_to_text_study2,"Item responses for study 2 of Approaches to Text wherein participants completed a host of surveys, which collected items on participants' comprehension, vocabulary, reading history, author recognition, etc",https://osf.io/e7xpy/?view_only=0b3180a18cd94803a7c743096c95dd80,"Calloway RC, Helder A, Perfetti CA. Study 2 Data [data set] from ""A measure of individual differences in readers' approaches to text and its relation to reading experience and reading comprehension"". Behav Res Methods. 2023 Feb;55(2):899-931. https://osf.io/e7xpy/?view_only=0b3180a18cd94803a7c743096c95dd79",,,,,,LCM,,"@dataset{calloway_study2_2023,
  author = {Calloway, Regina C. and Helder, Anne and Perfetti, Charles A.},
  title = {Study 2 Data from 'A measure of individual differences in readers\' approaches to text and its relation to reading experience and reading comprehension'},
  year = {2023},
  publisher = {OSF},
  journal = {Behavior Research Methods},
  volume = {55},
  number = {2},
  pages = {899--931},
  url = {https://osf.io/e7xpy/?view_only=0b3180a18cd94803a7c743096c95dd80},
  type = {dataset}
}"
artistic_preferences,artistic_preferences,Data on individual differences in what people enjoy about visual art,http://openpsychometrics.org/_rawdata/,Artistic Preferences Scale [dataset and codebook]. http://openpsychometrics.org/_rawdata/APS_data.zip,,Copyright: CC BY-NC-SA 4.0,Public,CC-BY-NC-SA 4.0,Data modified from original on 4-27-2023. Cannot be used for any commercial purpose. Original license: https://creativecommons.org/licenses/by-nc-sa/4.0/,LCM,,"@misc{APS_dataset,
  title = {Artistic Preferences Scale [dataset and codebook]},
  howpublished = {\\url{http://openpsychometrics.org/_rawdata/APS_data.zip}},
  note = {Accessed via http://openpsychometrics.org/_rawdata/},
  year = {n.d.}
}"
assistments_0910,assistments_0910,Response data for skill-building and non-skill-building items from ASSISTments. Data from SY 2009-10,https://sites.google.com/site/assistmentsdata/home/2009-2010-assistment-data,,,,,,,LCM,,"@misc{assistments2010,
  title = {2009-2010 {ASSISTment} Data},
  year = {2010},
  url = {https://sites.google.com/site/assistmentsdata/home/2009-2010-assistment-data},
  howpublished = {\\url{https://sites.google.com/site/assistmentsdata/home/2009-2010-assistment-data}},
  organization = {ASSISTments}
}"
assistments_1213,assistments_1213,Response data for items from ASSISTments. Data from SY 2012-13,https://sites.google.com/site/assistmentsdata/datasets/2012-13-school-data-with-affect,,,,,,,LCM,,"@misc{assistments_2012,
  title={2012-13 School Data with Affect},
  author={{ASSISTments}},
  year={2012},
  howpublished={\\url{https://sites.google.com/site/assistmentsdata/datasets/2012-13-school-data-with-affect}},
  note={Accessed through ASSISTments Data}
}"
assistments_1516,assistments_1516,Response data for items from ASSISTments. Data from SY 2015-16,https://sites.google.com/site/assistmentsdata/datasets/2015-assistments-skill-builder-data,,,,,,,LCM,,"@misc{assistments2015,
    title = {2015 {ASSISTments} Skill Builder Data},
    author = {{ASSISTments}},
    year = {2015},
    url = {https://sites.google.com/site/assistmentsdata/datasets/2015-assistments-skill-builder-data},
    howpublished = {\\url{https://sites.google.com/site/assistmentsdata/datasets/2015-assistments-skill-builder-data}},
    note = {Accessed: ASSISTments Data}
}"
assistments_2017,assistments_2017,"Response data for items from ASSISTments. Data from ASSISTments Data Mining Competition 2017
",https://sites.google.com/view/assistmentsdatamining/dataset,,,,,,,LCM,,"@misc{assistmentsdata,
  title = {ASSISTments Data Mining Competition 2017},
  author = {{ASSISTments}},
  year = {2017},
  url = {https://sites.google.com/view/assistmentsdatamining/dataset},
  urldate = {2024-01-09},
  howpublished = {\\url{https://sites.google.com/view/assistmentsdatamining/dataset}}
}"
balance_mokken,balance_mokken,Toddler's performance on balancing tasks,https://cran.r-project.org/web/packages/mokken/index.html,"Van Maanen, L., Been, P. H., & Sijtsma, K. (1989). Problem solving strategies and the linear logistic test model. In Mathematical psychology in progress (pp. 267-287). Springer.",,GPL-2 | GPL-3 ,Public,GPL-3,Data modified from original on 2-7-2023,BD,,"@incollection{van1989problem,
  title={Problem solving strategies and the linear logistic test model},
  author={Van Maanen, L. and Been, P. H. and Sijtsma, K.},
  booktitle={Mathematical psychology in progress},
  pages={267--287},
  year={1989},
  publisher={Springer}
}"
blocked_interleaved_instruction,blocked_interleaved_instruction,Items from a study testing difference between blocked and interleaved instruction for fraction addition and multiplication,https://pslcdatashop.web.cmu.edu/Files?datasetId=1190,"Patel, R., Liu, R., Koedinger, K. (2017) Dissertation data [dataset]. DataShop @ CMU. https://pslcdatashop.web.cmu.edu/DatasetInfo?datasetId=1190",,,Private,,,LCM,,"@misc{patel2017dissertation,
  author = {Patel, R. and Liu, R. and Koedinger, K.},
  title = {Dissertation data},
  year = {2017},
  note = {DataShop @ CMU},
  howpublished = {\\url{https://pslcdatashop.web.cmu.edu/DatasetInfo?datasetId=1190}},
  type = {dataset}
}"
brain_hemisphere,brain_hemisphere,"Data from an interactive version of the Open Hemispheric Brain Dominance Scale survey, a measure of left and right brain cognitive style",http://openpsychometrics.org/_rawdata/,"Jorgenson, E. (2016). Open Hemispheric Brain Dominance Scale [dataset and codebook]. http://openpsychometrics.org/_rawdata/OHBDS-data.zip",,,Public,CC BY 4.0,,LCM,,"@misc{jorgenson2016ohbds,
  author = {Jorgenson, E.},
  title = {Open Hemispheric Brain Dominance Scale [dataset and codebook]},
  year = {2016},
  url = {http://openpsychometrics.org/_rawdata/OHBDS-data.zip},
  note = {Retrieved from http://openpsychometrics.org/_rawdata/}
}"
cavalini_mokken,cavalini_mokken,Coping with noxious factory odor.,https://cran.r-project.org/web/packages/mokken/index.html,"Cavalini, P. M. (1992). It’s an ill wind that brings no good. Studies on odour annoyance and the dispersion of odorant concentrations from industries. Unpublished doctoral disseratation. University of Groningen, The Netherlands.",,GPL-2 | GPL-3 ,Public,GPL-3,Data modified from original on 2-7-2023,BD,,"@phdthesis{cavalini1992ill,
  title={It's an ill wind that brings no good. Studies on odour annoyance and the dispersion of odorant concentrations from industries},
  author={Cavalini, P. M.},
  year={1992},
  school={University of Groningen},
  address={The Netherlands},
  type={Doctoral dissertation},
  note={Available at: https://cran.r-project.org/web/packages/mokken/index.html}
}"
cdm_hr,cdm_hr,Data from a high-stakes reading comprehension test,https://cran.r-project.org/web/packages/CDM/index.html,"Ravand, H., Barati, H., & Widhiarso, W. (2013). Exploring diagnostic capacity of a high stakes reading comprehension test: A pedagogical demonstration. Iranian Journal of Language Testing, 3(1), 1-27.",,GPL-2 | GPL-3 ,Public,GPL-3,Data modified from original on 2-13-2023,BD,,"@article{ravand2013exploring,
  title={Exploring diagnostic capacity of a high stakes reading comprehension test: A pedagogical demonstration},
  author={Ravand, H. and Barati, H. and Widhiarso, W.},
  journal={Iranian Journal of Language Testing},
  volume={3},
  number={1},
  pages={1--27},
  year={2013},
  url={https://cran.r-project.org/web/packages/CDM/index.html}
}"
cdm_timss11,cdm_timss11,Austrian TIMSS data with Q matrix,https://cran.r-project.org/web/packages/CDM/index.html,"George, A. C., & Robitzsch, A. (2014). Multiple group cognitive diagnosis models, with an emphasis on differential item functioning. Psychological Test and Assessment Modeling, 56(4), 405-432",,GPL-2 | GPL-3 ,Public,GPL-3,Data modified from original on 2-13-2023,BD,,"@article{george2014multiple,
  title={Multiple group cognitive diagnosis models, with an emphasis on differential item functioning},
  author={George, Ann C and Robitzsch, Alexander},
  journal={Psychological Test and Assessment Modeling},
  volume={56},
  number={4},
  pages={405--432},
  year={2014},
  url={https://cran.r-project.org/web/packages/CDM/index.html}
}"
chinese_vocabulary_learning,chinese_vocabulary_learning,Likert scale items evaluating students' Chinese language learning strategies,https://pslcdatashop.web.cmu.edu/DatasetInfo?datasetId=459,"Pavlik, P. (2011). Motivation and Metacognition in Chinese Vocabulary Learning, Experiment 4 [data set]. DataShop @ CMU. https://pslcdatashop.web.cmu.edu/DatasetInfo?datasetId=459
",,,Private,,,LCM,,"@misc{pavlik2011motivation,
  author = {Pavlik, P.},
  title = {Motivation and Metacognition in {Chinese} Vocabulary Learning, Experiment 4},
  year = {2011},
  note = {[data set]},
  publisher = {DataShop @ CMU},
  url = {https://pslcdatashop.web.cmu.edu/DatasetInfo?datasetId=459}
}"
close_relationships,close_relationships,"Data from an interactive version of the Experinces in Close Relationships Scale by Kelly Brennan, Catherine Clark and Phillip Shaver.",http://openpsychometrics.org/_rawdata/,(2018). Experiences in Close Relationships Scale [dataset and codebook]. http://openpsychometrics.org/_rawdata/ECR-data-1March2018.zip,,,Public,CC BY 4.0,,LCM,,"@misc{ECR2018,
  title = {Experiences in Close Relationships Scale [dataset and codebook]},
  year = {2018},
  url = {http://openpsychometrics.org/_rawdata/ECR-data-1March2018.zip},
  note = {Retrieved from http://openpsychometrics.org/_rawdata/}
}"
cmu_algebra_2006,cmu_algebra_2006,Data on student performance on math items from an intelligent tutoring system,https://pslcdatashop.web.cmu.edu/KDDCup/downloads.jsp,"Stamper, J., Niculescu-Mizil, A., Ritter, S., Gordon, G.J., & Koedinger, K.R. (2010). Algebra I 2005-2006. Development data set from KDD Cup 2010 Educational Data Mining Challenge. Find it at http://pslcdatashop.web.cmu.edu/KDDCup/downloads.jsp",,,Private,,,LCM,,"@misc{stamper2010algebra,
  title={Algebra {I} 2005-2006. {Development} data set from {KDD Cup} 2010 {Educational Data Mining Challenge}},
  author={Stamper, John and Niculescu-Mizil, Alexandru and Ritter, Steven and Gordon, Geoffrey J and Koedinger, Kenneth R},
  year={2010},
  howpublished={\\url{http://pslcdatashop.web.cmu.edu/KDDCup/downloads.jsp}}
}"
cmu_algebra_2007,cmu_algebra_2007,Data on student performance on math items from an intelligent tutoring system,https://pslcdatashop.web.cmu.edu/KDDCup/downloads.jsp,"Stamper, J., Niculescu-Mizil, A., Ritter, S., Gordon, G.J., & Koedinger, K.R. (2010). Algebra I 2006-2007. Development data set from KDD Cup 2010 Educational Data Mining Challenge. Find it at http://pslcdatashop.web.cmu.edu/KDDCup/downloads.jsp",,,Private,,,LCM,,"@misc{stamper2010algebra,
  title={Algebra {I} 2006-2007. {Development} data set from {KDD Cup} 2010 {Educational Data Mining Challenge}},
  author={Stamper, John and Niculescu-Mizil, Alexandru and Ritter, Steven and Gordon, Geoffrey J and Koedinger, Kenneth R},
  year={2010},
  howpublished={\\url{http://pslcdatashop.web.cmu.edu/KDDCup/downloads.jsp}}
}"
cmu_algebra_2009,cmu_algebra_2009,Data on student performance on math items from an intelligent tutoring system,https://pslcdatashop.web.cmu.edu/KDDCup/downloads.jsp,"Stamper, J., Niculescu-Mizil, A., Ritter, S., Gordon, G.J., & Koedinger, K.R. (2010). Algebra I 2008-2009. Challenge data set from KDD Cup 2010 Educational Data Mining Challenge. Find it at http://pslcdatashop.web.cmu.edu/KDDCup/downloads.jsp",,,Private,,,LCM,,"@misc{stamper2010algebra,
  title={Algebra {I} 2008-2009. {Challenge} data set from {KDD Cup} 2010 {Educational Data Mining Challenge}},
  author={Stamper, John and Niculescu-Mizil, Alexandru and Ritter, Steven and Gordon, Geoffrey J and Koedinger, Kenneth R},
  year={2010},
  howpublished={\\url{http://pslcdatashop.web.cmu.edu/KDDCup/downloads.jsp}}
}"
cmu_bridging_algebra_2007,cmu_bridging_algebra_2007,Data on student performance on math items from an intelligent tutoring system,https://pslcdatashop.web.cmu.edu/KDDCup/downloads.jsp,"Stamper, J., Niculescu-Mizil, A., Ritter, S., Gordon, G.J., & Koedinger, K.R. (2010). Bridge to Algebra 2006-2007. Development data set from KDD Cup 2010 Educational Data Mining Challenge. Find it at http://pslcdatashop.web.cmu.edu/KDDCup/downloads.jsp",,,Private,,,LCM,,"@misc{stamper2010bridge,
  title={Bridge to Algebra 2006-2007. Development data set from {KDD} Cup 2010 {Educational Data Mining Challenge}},
  author={Stamper, John and Niculescu-Mizil, Alexandru and Ritter, Steven and Gordon, Geoffrey J and Koedinger, Kenneth R},
  year={2010},
  howpublished={\\url{http://pslcdatashop.web.cmu.edu/KDDCup/downloads.jsp}}
}"
cmu_bridging_algebra_2009,cmu_bridging_algebra_2009,Data on student performance on math items from an intelligent tutoring system,https://pslcdatashop.web.cmu.edu/KDDCup/downloads.jsp,"Stamper, J., Niculescu-Mizil, A., Ritter, S., Gordon, G.J., & Koedinger, K.R. (2010). Bridge to Algebra 2008-2009. Challenge data set from KDD Cup 2010 Educational Data Mining Challenge. Find it at http://pslcdatashop.web.cmu.edu/KDDCup/downloads.jsp",,,Private,,,LCM,,"@misc{stamper2010bridge,
  title={Bridge to Algebra 2008-2009. Challenge data set from {KDD} Cup 2010 {Educational Data Mining Challenge}},
  author={Stamper, John and Niculescu-Mizil, Alexandru and Ritter, Steven and Gordon, Geoffrey J and Koedinger, Kenneth R},
  year={2010},
  howpublished={\\url{http://pslcdatashop.web.cmu.edu/KDDCup/downloads.jsp}}
}"
consideration_future_consequences,consideration_future_consequences,Likert scale responses statements on how actions may effect future consequences,http://openpsychometrics.org/_rawdata/,Consideration of Future Consequences Scale [dataset and codebook]. http://openpsychometrics.org/_rawdata/CFCS.zip,,,Public,CC BY 4.0,,LCM,,"@misc{CFCS_dataset,
  title = {Consideration of Future Consequences Scale [dataset and codebook]},
  howpublished = {\\url{http://openpsychometrics.org/_rawdata/CFCS.zip}},
  url = {http://openpsychometrics.org/_rawdata/},
  year = {n.d.}
}"
credentialform_lnirt,credentialform_lnirt,Responses and response times from a credentialing dataset with suspected cheating.,https://cran.r-project.org/web/packages/LNIRT/index.html,"Cizek, G. J., & Wollack, J. A. (Eds.). (2016). Handbook of quantitative methods for detecting cheating on tests. Abingdon, England: Routledge.",,GPL-3,Public,GPL-3,Data modified from original on 2-7-2023,BD,,"@book{cizek2016handbook,
  title={Handbook of quantitative methods for detecting cheating on tests},
  editor={Cizek, Gregory J and Wollack, James A},
  year={2016},
  publisher={Routledge},
  address={Abingdon, England},
  url={https://cran.r-project.org/web/packages/LNIRT/index.html}
}"
csedm_data_challenge_fall2019full,csedm_data_challenge_fall2019full,Additional item-level data from the 2019 CSEDM workshop released after challenge end ,https://pslcdatashop.web.cmu.edu/Files?datasetId=3458,"Rivers, K., Price, T. (2019). 2nd CSEDM Data Challenge - F19 All Data v1.0 [data set]. DataShop @ CMU. https://pslcdatashop.web.cmu.edu/Files?datasetId=2865",,,Private,,,LCM,,"@misc{rivers2019csedm,
    author = {Rivers, Kenneth and Price, Thomas},
    title = {2nd {CSEDM} Data Challenge - {F19} All Data v1.0},
    year = {2019},
    note = {[data set]},
    publisher = {DataShop @ CMU},
    url = {https://pslcdatashop.web.cmu.edu/Files?datasetId=2865}
}"
csedm_data_challenge_spring2019full,csedm_data_challenge_spring2019full,Additional item-level data from the 2019 CSEDM workshop released in Spring 2019 ,https://pslcdatashop.web.cmu.edu/Files?datasetId=3459,"Rivers, K., Price, T. (2019). 2nd CSEDM Data Challenge - S19 All Data v1.0 [data set]. DataShop @ CMU. https://pslcdatashop.web.cmu.edu/Files?datasetId=2866",,,Private,,,LCM,,"@misc{rivers2019csedm,
    author = {Rivers, Kenneth and Price, Thomas},
    title = {2nd {CSEDM} Data Challenge - {S19} All Data v1.0},
    year = {2019},
    note = {[data set]},
    publisher = {DataShop @ CMU},
    url = {https://pslcdatashop.web.cmu.edu/Files?datasetId=2866}
}"
csedm_data_challenge,csedm_data_challenge,Programming IRW and process data from the 2019 Education Data Mining in Computer Science Education workshop,https://pslcdatashop.web.cmu.edu/Files?datasetId=2865,"Rivers, K., Price, T. (2019). CSEDM Data Challenge v1.1 (Updated 2019/01/29) [data set]. DataShop @ CMU. https://pslcdatashop.web.cmu.edu/Files?datasetId=2865",,,Private,,,LCM,,"@misc{rivers2019csedm,
    author = {Rivers, Kenneth and Price, Thomas},
    title = {{CSEDM} Data Challenge v1.1},
    year = {2019},
    note = {Updated 2019/01/29},
    howpublished = {DataShop @ CMU},
    url = {https://pslcdatashop.web.cmu.edu/Files?datasetId=2865},
    type = {data set}
}"
cub_relgoods,cub_relgoods,Survey of leisure time usage,https://cran.r-project.org/web/packages/CUB/index.html,http://www.labstat.it/home/wp-content/uploads/2015/09/relgoods.txt,,GPL-2 | GPL-3 ,Public,GPL-3,Data modified from original on 3-15-2023,BD,,"@misc{CUB,
  title = {CUB: A Class of Statistical Models for Ordinal Data},
  author = {Maria Iannario and Domenico Piccolo and Rosaria Simone},
  year = {2023},
  url = {https://cran.r-project.org/web/packages/CUB/index.html},
  note = {R package}
}"
depression_anxiety_stress,depression_anxiety_stress,Data from an online survey that measures scales of depression anxiety and stress,http://openpsychometrics.org/_rawdata/,(2021). Depression Anxiety Stress Scales [dataset and codebook]. http://openpsychometrics.org/_rawdata/DASS_data_21.02.19.zip,,,Public,CC BY 4.0,,LCM,,"@misc{dass2021,
  title = {Depression Anxiety Stress Scales [dataset and codebook]},
  year = {2021},
  url = {http://openpsychometrics.org/_rawdata/DASS_data_21.02.19.zip},
  note = {Retrieved from http://openpsychometrics.org/_rawdata/}
}"
digital_games_kentucky,digital_games_kentucky,Items from a digital games study to test the theory that fractions should be introduced to students mixed with whole numbers on the same line to demonstrate that they represent magnitudes of the same type of whole numbers,https://pslcdatashop.web.cmu.edu/Files?datasetId=445,"Lomas, D. (2011). Classroom: Exp1 - UCLA-Kentucky [dataset]. DataShop @ CMU. https://pslcdatashop.web.cmu.edu/Files?datasetId=445",,,Private,,,LCM,,"@misc{lomas2011classroom,
  author = {Lomas, Derek},
  title = {Classroom: Exp1 - {UCLA}-{Kentucky}},
  year = {2011},
  note = {[dataset]},
  publisher = {DataShop @ CMU},
  url = {https://pslcdatashop.web.cmu.edu/Files?datasetId=445}
}"
elpi_ninos_2017,elpi_ninos_2017,"Data on Chilean youths' feelings and self-evaluations of social belonging, academic performance, ambitions, technology use, etc. (3rd round of longitudinal study)",http://observatorio.ministeriodesarrollosocial.gob.cl/elpi-tercera-ronda,,,,,,,LCM,,"@misc{elpi2017,
    title = {ELPI Tercera Ronda},
    author = {{Ministerio de Desarrollo Social}},
    year = {2017},
    url = {http://observatorio.ministeriodesarrollosocial.gob.cl/elpi-tercera-ronda},
    institution = {Ministerio de Desarrollo Social},
    note = {Accessed through Observatorio Social},
    language = {spanish}
}"
emotion_pcmrs,emotion_pcmrs,Emotional reactivity from the Freiburg Complaint Checklist,https://cran.r-project.org/web/packages/PCMRS/index.html,"ZPID (2013). PsychData of the Leibniz Institute for Psychology Information ZPID. Trier: Center
for Research Data in Psychology.",,GPL-2 | GPL-3 ,Public,GPL-3,Data modified from original on 2-13-2023,BD,,"@misc{ZPID2013,
  author = {ZPID},
  title = {PsychData of the {Leibniz} {Institute} for {Psychology} {Information} {ZPID}},
  year = {2013},
  address = {Trier},
  publisher = {Center for Research Data in Psychology},
  url = {https://cran.r-project.org/web/packages/PCMRS/index.html}
}"
empathizing_systemizing,empathizing_systemizing,"Data from an interactive online version of a combined set of Simon Baron-Cohen's Empathizing and Systemizing Quotients, which asks participants how much they agree with statements of empathizing and perceiving behaviors",http://openpsychometrics.org/_rawdata/,Empathizing-Systemizing Test [dataset and codebook. http://openpsychometrics.org/_rawdata/EQSQ.zip,,,Public,CC BY 4.0,,LCM,,"@misc{EQSQ,
  title = {Empathizing-Systemizing Test [dataset and codebook]},
  howpublished = {\\url{http://openpsychometrics.org/_rawdata/EQSQ.zip}},
  year = {n.d.},
  url = {http://openpsychometrics.org/_rawdata/}
}"
estcrm_selfeff,estcrm_selfeff,Teaching self-efficacy scale,https://cran.r-project.org/web/packages/EstCRM/index.html,"Kan, A.(2009). Effect of scale response format on psychometric properties in teaching self-efficacy. Euroasian Journal of Educational Research, 34, 215-228.",,GPL-2 | GPL-3 ,Public,GPL-3,Data modified from original on 3-15-2023,BD,,"@article{kan2009effect,
  title={Effect of scale response format on psychometric properties in teaching self-efficacy},
  author={Kan, A.},
  journal={Euroasian Journal of Educational Research},
  volume={34},
  pages={215--228},
  year={2009},
  url={https://cran.r-project.org/web/packages/EstCRM/index.html}
}"
eurpar2_mudfold,eurpar2_mudfold,Political party preference data from Europeans,https://cran.r-project.org/web/packages/mudfold/index.html,"Schuur, H. V. (1984). Structure in political beliefs: A new model for stochastic unfolding with application to European party activists (Doctoral dissertation, Rijksuniversiteit te Groningen).",,GPL-2 | GPL-3 ,Public,GPL-3,Data modified from original on 2-13-2023,BD,,"@phdthesis{schuur1984structure,
  title={Structure in political beliefs: A new model for stochastic unfolding with application to European party activists},
  author={Schuur, H. V.},
  year={1984},
  school={Rijksuniversiteit te Groningen},
  url={https://cran.r-project.org/web/packages/mudfold/index.html}
}"
experimental_iq,experimental_iq,Data from an experimental IQ test,http://openpsychometrics.org/_rawdata/,Experimental IQ Test [dataset and codebook]. http://openpsychometrics.org/_rawdata/IQ1.zip,,,Public,CC BY 4.0,,LCM,,"@misc{IQ1dataset,
  title = {Experimental {IQ} Test [dataset and codebook]},
  howpublished = {\\url{http://openpsychometrics.org/_rawdata/IQ1.zip}},
  url = {http://openpsychometrics.org/_rawdata/},
  note = {Accessed through Open Psychometrics}
}"
face_memory_test,face_memory_test,Data from test where participants were shown pictures of peoples' faces and asked to recall whether they had already seen it,http://openpsychometrics.org/_rawdata/,Exposure Based Face Memory Test [dataset and codebook]. http://openpsychometrics.org/_rawdata/EBFMT.zip,,,Public,CC BY 4.0,,LCM,,"@misc{EBFMT,
  title = {Exposure Based Face Memory Test [dataset and codebook]},
  howpublished = {\\url{http://openpsychometrics.org/_rawdata/EBFMT.zip}},
  note = {Accessed via http://openpsychometrics.org/_rawdata/},
  year = {n.d.}
}"
hrs_cesd,hrs_cesd,Longitudinal data from a modified CESD in the Health and Retirement Study (HRS),https://hrsdata.isr.umich.edu/data-products/rand?_ga=2.223300059.1164873790.1677848146-1581405565.1677550004,"Steffick, D. E., Wallace, R. B., & Herzog, A. R. (2000). Documentation of affective functioning measures in the Health and Retirement Study. Ann Arbor, MI: University of Michigan, 15.",,,Private,,,BD,,"@techreport{steffick2000documentation,
  title={Documentation of affective functioning measures in the Health and Retirement Study},
  author={Steffick, Diane E and Wallace, Robert B and Herzog, A Regula},
  year={2000},
  institution={University of Michigan},
  address={Ann Arbor, MI},
  number={15},
  url={https://hrsdata.isr.umich.edu/data-products/rand?_ga=2.223300059.1164873790.1677848146-1581405565.1677550004}
}"
hrs_health,hrs_health,"Longitudinal data on chronic conditions, ADL, and IADLs from the Health and Retirement Study (HRS)",https://hrsdata.isr.umich.edu/data-products/rand?_ga=2.223300059.1164873790.1677848146-1581405565.1677550004,"RAND HRS Longitudinal File 2018 (V2). Produced by the RAND Center for the Study of Aging, with funding from the National Institute on Aging and the Social Security Administration. Santa Monica, CA (July 2022).",,,Private,,,BD,,"@techreport{RAND_HRS_2018,
    title = {RAND {HRS} Longitudinal File 2018 (V2)},
    institution = {RAND Center for the Study of Aging},
    address = {Santa Monica, CA},
    year = {2022},
    month = {July},
    note = {Funded by the National Institute on Aging and the Social Security Administration},
    url = {https://hrsdata.isr.umich.edu/data-products/rand?_ga=2.223300059.1164873790.1677848146-1581405565.1677550004}
}"
figure_skating,figure_skating,Judges scores for different aspects of international figure skaters' performances (2016-17 and 2017-18 seasons),https://github.com/BuzzFeedNews/figure-skating-scores,"Singer-Vine, J. & Templon, J. (2021). ISU Figure Skating Score Sheets as Structured Data [data set]. BuzzFeed News. https://github.com/BuzzFeedNews/figure-skating-scores",,Creative Commons Attribution 4.0 International (CC BY 4.0),Public,CC BY 4.0,Data modified from original on 7-12-2023. Original license: https://github.com/ccp-eva/vocab/blob/main/LICENSE,LCM,,"@misc{singer2021isu,
  author = {Singer-Vine, Jeremy and Templon, John},
  title = {ISU Figure Skating Score Sheets as Structured Data},
  year = {2021},
  publisher = {BuzzFeed News},
  howpublished = {\\url{https://github.com/BuzzFeedNews/figure-skating-scores}},
  note = {[data set]}
}"
fims_tam,fims_tam,Math items from FIMS study (Australian and Japanese students),https://cran.r-project.org/web/packages/TAM/index.html,"Robitzsch A, Kiefer T, Wu M (2022). TAM: Test Analysis Modules. R package version 4.1-4, https://CRAN.R-project.org/package=TAM.",,GPL-2 | GPL-3 ,Public,GPL-3,Data modified from original on 1-27-2023,BD,,"@Manual{TAM2022,
  title = {TAM: Test Analysis Modules},
  author = {Alexander Robitzsch and Thomas Kiefer and Margaret Wu},
  year = {2022},
  note = {R package version 4.1-4},
  url = {https://CRAN.R-project.org/package=TAM}
}"
firstborn_personality,firstborn_personality,Data from a survey with personality items that correlate with being a firstborn child,http://openpsychometrics.org/_rawdata/,(2019). Development of the Firstborn Personality Scale [dataset and codebook]. http://openpsychometrics.org/_rawdata/FBPS-ValidationData.zip,,Creative Commons Attribution-NonCommercial-ShareAlike 4.0 International License,Public,CC-BY-NC-SA 4.0,Data modified from original on 4-27-2023. Cannot be used for any commercial purpose. Original license: https://creativecommons.org/licenses/by-nc-sa/4.0/,LCM,,"@misc{FBPS2019,
  title = {Development of the {Firstborn} {Personality} {Scale} [dataset and codebook]},
  year = {2019},
  url = {http://openpsychometrics.org/_rawdata/FBPS-ValidationData.zip},
  howpublished = {\\url{http://openpsychometrics.org/_rawdata/}}
}"
florida_twins_behavior,florida_twins_behavior,Study from Florida about twins 9 years and older. Items related to twins' behavior and environment,https://ldbase.org/documents/c4669c5b-9853-45be-a33f-9dff7102de20,"Schatschneider, C., Lonigan, C., & Taylor, J. E. (2021). Behavior and Environment Survey Codebook. LDbase. http://ldbase.org/documents/c4669c5b-9853-45be-a33f-9dff7102de20
",,"Open Data Commons Attribution License (ODC-By)
",Public,CC BY 4.0,,LCM,,"@misc{schatschneider2021behavior,
  author = {Schatschneider, Christopher and Lonigan, Christopher and Taylor, Jeanette E.},
  title = {Behavior and Environment Survey Codebook},
  year = {2021},
  publisher = {LDbase},
  url = {http://ldbase.org/documents/c4669c5b-9853-45be-a33f-9dff7102de20}
}"
fractions_experiment,fractions_experiment,Data from an experiment using an online tutor to teach fractions,https://pslcdatashop.web.cmu.edu/Files?datasetId=580,"Aleven, V., Rau, M., Weitekamp, D. (2013) Cleaned logs with modified step names [data set]. DataShop @ CMU. https://pslcdatashop.web.cmu.edu/Files?datasetId=580",,,Private,,,LCM,,"@misc{aleven2013cleaned,
  author = {Aleven, V. and Rau, M. and Weitekamp, D.},
  title = {Cleaned logs with modified step names},
  year = {2013},
  note = {[data set]},
  publisher = {DataShop @ CMU},
  url = {https://pslcdatashop.web.cmu.edu/Files?datasetId=580}
}"
gatech_cappunish,gatech_cappunish,Attitudes towards capital punishment,https://prdlab.gatech.edu/unfolding/data/,"Roberts, J. S. (1995). Item response theory approaches to attitude measurement. (Doctoral dissertation, University of South Carolina, Columbia, 1995). Dissertation Abstracts International, 56, 7089B.",,email sent may 24,,,,BD,,"@phdthesis{Roberts1995,
  author = {Roberts, James S.},
  title = {Item response theory approaches to attitude measurement},
  school = {University of South Carolina},
  address = {Columbia},
  year = {1995},
  note = {Dissertation Abstracts International, 56, 7089B},
  url = {https://prdlab.gatech.edu/unfolding/data/}
}"
gatech_censor,gatech_censor,Attitudes about censorship,https://prdlab.gatech.edu/unfolding/data/,"Roberts, J. S. (1995). Item response theory approaches to attitude measurement. (Doctoral dissertation, University of South Carolina, Columbia, 1995). Dissertation Abstracts International, 56, 7089B.",,email,,,,BD,,"@phdthesis{Roberts1995,
  author = {Roberts, James S.},
  title = {Item response theory approaches to attitude measurement},
  school = {University of South Carolina},
  address = {Columbia},
  year = {1995},
  note = {Dissertation Abstracts International, 56, 7089B},
  url = {https://prdlab.gatech.edu/unfolding/data/}
}"
gender_roles,gender_roles,"Data from an interactive version of the Open Sex-Role Inventory, which measures masculinity and femininity (or gendered personality traits) ",http://openpsychometrics.org/_rawdata/,(2019). Open Sex Role Inventory [dataset and codebook]. https://openpsychometrics.org/_rawdata/OSRI44_dev_data.zip,,Creative Commons Attribution-NonCommercial-ShareAlike 4.0 International License,Public,CC-BY-NC-SA 4.0,Data modified from original on 4-27-2023. Cannot be used for any commercial purpose. Original license: https://creativecommons.org/licenses/by-nc-sa/4.0/,LCM,,"@misc{osri2019,
  title = {Open Sex Role Inventory [dataset and codebook]},
  year = {2019},
  url = {https://openpsychometrics.org/_rawdata/OSRI44_dev_data.zip},
  howpublished = {\\url{http://openpsychometrics.org/_rawdata/}}
}"
geometry_course,geometry_course,"Data from an online geomtry course, which allows students to get hints",https://pslcdatashop.web.cmu.edu/Files?datasetId=122,"Aleven, V., Bllings, B. (2007). Step tables and test scores [data set]. DataShop @ CMU. https://pslcdatashop.web.cmu.edu/Files?datasetId=122",,,Private,,,LCM,,"@misc{aleven2007step,
  author = {Aleven, V. and Bllings, B.},
  year = {2007},
  title = {Step tables and test scores [data set]},
  publisher = {DataShop @ CMU},
  url = {https://pslcdatashop.web.cmu.edu/Files?datasetId=122}
}"
handwriting_2006,handwriting_2006,Items from a study that compares a Cognitive Tutor Algebra tutor (used in a handwriting-based interface) to one enhanced with examples,https://pslcdatashop.web.cmu.edu/Files?datasetId=145,"Anthony, L., & Ritter, S. (2008). Handwriting2/Examples Spring 2007. Dataset 165 in DataShop. Retrieved from https://pslcdatashop.web.cmu.edu/DatasetInfo?datasetId=165. ",,,Private,,,LCM,,"@misc{anthony2008handwriting2,
  author = {Anthony, Lisa and Ritter, Steven},
  title = {Handwriting2/Examples Spring 2007},
  year = {2008},
  note = {Dataset 165 in DataShop},
  howpublished = {\\url{https://pslcdatashop.web.cmu.edu/DatasetInfo?datasetId=165}},
  url = {https://pslcdatashop.web.cmu.edu/Files?datasetId=145}
}"
handwriting_2007,handwriting_2007,Items from a study used to assess various cognitive tutor interventions in a handwriting-based interface,https://pslcdatashop.web.cmu.edu/Files?datasetId=165,"Anthony, L., & Ritter, S. (2008). Handwriting/Examples Dec 2006. Dataset 145 in DataShop. Retrieved from https://pslcdatashop.web.cmu.edu/DatasetInfo?datasetId=145. ",,,Private,,,LCM,,"@misc{anthony2008handwriting,
  author = {Anthony, Lisa and Ritter, Steven},
  title = {Handwriting/Examples Dec 2006},
  year = {2008},
  note = {Dataset 145 in DataShop},
  howpublished = {\\url{https://pslcdatashop.web.cmu.edu/DatasetInfo?datasetId=145}}
}"
human_learning_rate,human_learning_rate,Data from an online tutoring system used to study human learning rates,https://pslcdatashop.web.cmu.edu/Files?datasetId=4629,"Koedinger, K. R., Carvalho, P., Liu, R., & McLaughlin, E. A. (2023). Student-step roll up for ds104 from An Astonishing Regularity in Student Learning Rate [data set]. DataShop @ CMU. https://pslcdatashop.web.cmu.edu/Files?datasetId=4629",,,Private,,,LCM,,"@misc{koedinger2023student,
  title={Student-step roll up for ds104 from {An} {Astonishing} {Regularity} in {Student} {Learning} {Rate} [data set]},
  author={Koedinger, Kenneth R. and Carvalho, Paulo and Liu, Ran and McLaughlin, Elizabeth A.},
  year={2023},
  publisher={DataShop @ CMU},
  url={https://pslcdatashop.web.cmu.edu/Files?datasetId=4629}
}"
hypersensitive_narcissism,hypersensitive_narcissism,Data on agreeability with certain narcisstic personality characteristics,http://openpsychometrics.org/_rawdata/,"Jorgenson, E. (2016). Open Hemispheric Brain Dominance Scale [dataset and codebook]. http://openpsychometrics.org/_rawdata/OHBDS-data.zip",,,Public,CC BY 4.0,,LCM,,"@misc{jorgenson2016ohbds,
  author = {Jorgenson, E.},
  title = {Open Hemispheric Brain Dominance Scale [dataset and codebook]},
  year = {2016},
  url = {http://openpsychometrics.org/_rawdata/OHBDS-data.zip},
  note = {Retrieved from http://openpsychometrics.org/_rawdata/}
}"
immer10_immer,immer10_immer,Standard settings ratings,https://cran.r-project.org/web/packages/immer/index.html,,,GPL-2 | GPL-3 ,Public,GPL-3,Data modified from original on 2-7-2023,BD,,"@misc{immer,
  title = {immer: Item Response Models for Multiple Ratings},
  author = {},
  year = {},
  url = {https://cran.r-project.org/web/packages/immer/index.html},
  note = {CRAN - Package immer},
  organization = {CRAN}
}"
immer12_immer,immer12_immer,Ratings of 2002 olympics pairs figure skating,https://cran.r-project.org/web/packages/immer/index.html,,,GPL-2 | GPL-3 ,Public,GPL-3,Data modified from original on 2-7-2023,BD,,"@misc{immer,
  title = {immer: Item Response Models for Multiple Ratings},
  author = {},
  year = {},
  url = {https://cran.r-project.org/web/packages/immer/index.html},
  note = {CRAN - Package immer},
  organization = {CRAN}
}"
introversion_extroversion,introversion_extroversion,Participants respond to statements on extraversion and introversion behaviors on a likert scale,http://openpsychometrics.org/_rawdata/,Development of the Multidimensional Introversion-Extraversion ScalesX [dataset and codebook]. http://openpsychometrics.org/_rawdata/MIES_Dev_Data.zip,,,Public,CC BY 4.0,,LCM,,"@misc{MIES_dataset,
  title = {Development of the Multidimensional Introversion-Extraversion {ScalesX} [dataset and codebook]},
  howpublished = {\\url{http://openpsychometrics.org/_rawdata/MIES_Dev_Data.zip}},
  url = {http://openpsychometrics.org/_rawdata/},
  year = {n.d.}
}"
junyi_academy_problems,junyi_academy_problems,"Item data from exercsies from Junyi Academy, which is an online learning platform",https://pslcdatashop.web.cmu.edu/Files?datasetId=1198,"Chang, H., Hsu, H., & Chen, K. (2015). Problem log, from ""Modeling Exercise Relationships in E-Learning: A Unified Approach"" [data set]. International Conference on Educational Data Mining (EDM). https://pslcdatashop.web.cmu.edu/Files?datasetId=1198",,,Private,,,LCM,,"@dataset{chang2015problem,
   title={Problem log, from Modeling Exercise Relationships in E-Learning: A Unified Approach},
   author={Chang, Hao-Chuan and Hsu, Hsiu-Mei and Chen, Kuan-Yu},
   year={2015},
   url={https://pslcdatashop.web.cmu.edu/Files?datasetId=1198},
   note={International Conference on Educational Data Mining (EDM)},
   type={Data set}
}"
Mental_Health_Questionnaire_for_the_Elderly,mental_health_questionnaire_for_the_elderly,"In order to accurately and effectively measure the level of anxiety symptoms in the elderly (above 60 years old), from 2010 to 2011, this project translated, test-tested, and used the English version of the Geriatric Anxiety Inventory (GAI) developed in 2007 by Australian scholar Pachana. This dataset includes the responses from 1318 Chinese elderly people living in urban communities, rural communities, and nursing homes in Beijing.",http://www.cnsda.org/index.php?r=projects/view&id=60493698,"Wang T, Tang D, Gong X, Wang D. Anxiety and Depression Among Older People Dwelling in Nursing Homes Versus Communities. Chinese Journal of Clinical Psychology,2012,20(6):868-870.",,,Private,,,Liu Yiqing,,"@article{wang2012anxiety,
  title={Anxiety and Depression Among Older People Dwelling in Nursing Homes Versus Communities},
  author={Wang, T and Tang, D and Gong, X and Wang, D},
  journal={Chinese Journal of Clinical Psychology},
  volume={20},
  number={6},
  pages={868--870},
  year={2012},
  url={http://www.cnsda.org/index.php?r=projects/view&id=60493698}
}"
mobility,mobility,Social mobility for women in Bangladesh,https://cran.r-project.org/web/packages/ltm/index.html,"Huq, N. and Cleland, J. (1990) Bangladesh Fertility Survey, 1989. Dhaka: National Institute of Population Research and Training (NIPORT).",,GPL-2 | GPL-3 ,Public,GPL-3,Data modified from original on 1-25-2023,BD,,"@techreport{huq1990bangladesh,
  title={Bangladesh Fertility Survey, 1989},
  author={Huq, N. and Cleland, J.},
  year={1990},
  institution={National Institute of Population Research and Training (NIPORT)},
  address={Dhaka},
  url={https://cran.r-project.org/web/packages/ltm/index.html}
}"
mpsycho_wilpat,mpsycho_wilpat,Wilson-Patterson conservatism scale,https://cran.r-project.org/web/packages/MPsychoR/index.html,,,GPL-2,Public,GPL-2,Data modified from original on 2-22-2023,BD,,"@misc{MPsychoR,
  title = {MPsychoR: Modern Psychometrics with {R}},
  author = {},
  year = {},
  url = {https://cran.r-project.org/web/packages/MPsychoR/index.html},
  note = {CRAN R package repository},
  organization = {CRAN}
}"
nerdy_personality,nerdy_personality,Attempt to quantify 'nerdiness',http://openpsychometrics.org/_rawdata/,(2015). Development of the Nerdy Personality Attributes Scale [dataset and codebook]. http://openpsychometrics.org/tests/NPAS/development/,,,Public,CC BY 4.0,,LCM,,"@misc{NPAS2015,
  title = {Development of the {Nerdy} {Personality} {Attributes} {Scale} [dataset and codebook]},
  year = {2015},
  url = {http://openpsychometrics.org/tests/NPAS/development/},
  urldate = {2023-12-11}
}"
neurips_2020,neurips_2020,"Items from a dataset from the 2020 NeurIPS Education Challenge, which was used to predict student responses, determine question quality, etc",https://eedi.com/research#data,"Wang, Z., Lamb, A., Saveliev, E., Cameron, P., Zaykov, Y., Hernández-Lobato, J.M., Turner, R.E., Baraniuk, R.G., Barton, C., Jones, S.P., Woodhead, S., & Zhang, C. (2020). Diagnostic questions: The neurips 2020 education challenge [data set]. arXiv preprint arXiv:2007.12061",,Creative Commons — Attribution-NonCommercial-NoDerivatives 4.0 International — CC BY-NC-ND 4.0,Public,CC-BY-NC-ND,,LCM,,"@article{wang2020diagnostic,
  title={Diagnostic questions: The neurips 2020 education challenge},
  author={Wang, Zichao and Lamb, Andrew and Saveliev, Evan and Cameron, Pashmina and Zaykov, Yordan and Hern{\\'a}ndez-Lobato, Jos{\\'e} Miguel and Turner, Richard E and Baraniuk, Richard G and Barton, Craig and Jones, Simon Peyton and Woodhead, Simon and Zhang, Cheng},
  journal={arXiv preprint arXiv:2007.12061},
  year={2020},
  note={[data set]},
  url={https://eedi.com/research#data}
}"
oli_psych_course,oli_psych_course,Grading data from an OLI psychology course,https://pslcdatashop.web.cmu.edu/Files?datasetId=5255,"Cheng, H. (2022). Gradebook for OLI Psych course [dataset]. DataShop @ CMU. https://pslcdatashop.web.cmu.edu/Files?datasetId=5255",,,Private,,,LCM,,"@misc{cheng2022gradebook,
  author = {Cheng, Hao},
  title = {Gradebook for {OLI} {Psych} course},
  year = {2022},
  note = {[dataset]},
  publisher = {DataShop @ CMU},
  url = {https://pslcdatashop.web.cmu.edu/Files?datasetId=5255}
}"
pact_project,pact_project,"Data from the Promoting Adolescents' Comprehension of Text Project, in which 7 - 12 grade students respond to item to gauge the role of cognitive processes, motivation, engagement, etc to improve reading comprehension",https://ldbase.org/projects/130f6e77-0cd1-428d-b9d5-1e412a2a0f45,"Vaughn, S., Swanson, E., Roberts, G., Martinez, L., Wanzek, J., Simmons, D., Clemens, N., & Fogarty, M. (2021). PACT8 2011-2012, PACT8 2012-2013, PACT11 2011-2012, PACT11 2012-2013, Vocabulary and Comprehension (VoCO) Project [datasets]. LDbase. http://ldbase.org/datasets/7a353ad7-4859-47a0-8aad-000889fed91a
",,"Open Data Commons Attribution License (ODC-By)
",Public,CC BY 4.0,,LCM,,"@misc{vaughn2021pact8,
  author = {Vaughn, Sharon and Swanson, Elizabeth and Roberts, Greg and Martinez, Leticia and Wanzek, Jeanne and Simmons, Deborah and Clemens, Nathan and Fogarty, Melissa},
  title = {PACT8 2011-2012, PACT8 2012-2013, PACT11 2011-2012, PACT11 2012-2013, Vocabulary and Comprehension {(VoCO)} Project},
  year = {2021},
  howpublished = {LDbase},
  url = {http://ldbase.org/datasets/7a353ad7-4859-47a0-8aad-000889fed91a}
}"
pirlsmissing_sirt,pirlsmissing_sirt,Data from 2011 PIRLS from one booklet and 4 countries.,https://cran.r-project.org/web/packages/sirt/index.html,"Robitzsch A (2022). sirt: Supplementary Item Response Theory Models. R package version 3.12-66, https://CRAN.R-project.org/package=sirt.",,GPL-2 | GPL-3 ,Public,GPL-3,Data modified from original on 1-29-2023,BD,,"@Manual{Robitzsch2022,
  title = {sirt: Supplementary Item Response Theory Models},
  author = {Alexander Robitzsch},
  year = {2022},
  note = {R package version 3.12-66},
  url = {https://CRAN.R-project.org/package=sirt}
}"
polca_election,polca_election,Questions about how certain statements fit candidates for 2000 US presidential election,https://cran.r-project.org/web/packages/poLCA/index.html,"The National Election Studies (https://electionstudies.org/). THE 2000 NATIONAL ELECTION STUDY [dataset]. Ann Arbor, MI: University of Michigan, Center for Political Studies [producer and distributor].",,GPL-2 | GPL-3 ,Public,GPL-3,Data modified from original on 3-15-2023,BD,,"@misc{NES2000,
  title = {The 2000 National Election Study [dataset]},
  author = {{The National Election Studies}},
  year = {2000},
  publisher = {University of Michigan, Center for Political Studies},
  address = {Ann Arbor, MI},
  url = {https://electionstudies.org/},
  note = {Producer and distributor}
}"
preference_inventory,preference_inventory,"Data on peoples' activity preferences, which corresponds with different parts of the brain",http://openpsychometrics.org/_rawdata/,"Wagner, Rudolph F., and Kelly A. Wells. ""A refined neurobehavioral inventory of hemispheric preference."" Journal of clinical psychology 41.5 (1985): 671-676.///Wagner Preference Inventory [dataset and codebook]. http://openpsychometrics.org/_rawdata/Wagner.zip",,,Public,CC BY 4.0,,LCM,,"@article{wagner1985refined,
  title={A refined neurobehavioral inventory of hemispheric preference},
  author={Wagner, Rudolph F and Wells, Kelly A},
  journal={Journal of clinical psychology},
  volume={41},
  number={5},
  pages={671--676},
  year={1985},
  publisher={Wiley Online Library},
  note={Dataset available at: \\url{http://openpsychometrics.org/_rawdata/Wagner.zip}}
}"
protestant_workethic,protestant_workethic,Data from an online survey that collects participants' sentiments on various "protestant work ethic" statements,http://openpsychometrics.org/_rawdata/,Protestant Work Ethic Scale [dataset and codebook]. http://openpsychometrics.org/_rawdata/PWE_data.zip,,,Public,CC BY 4.0,,LCM,,"@misc{PWE_dataset,
  title = {Protestant Work Ethic Scale [dataset and codebook]},
  howpublished = {\\url{http://openpsychometrics.org/_rawdata/PWE_data.zip}},
  note = {Accessed via http://openpsychometrics.org/_rawdata/},
  year = {n.d.}
}"
psychoneurotic_inventory,psychoneurotic_inventory,"Data from online participants on the Woodworth Psychoneurotic Inventory, which is considered by some to be the first personality test",http://openpsychometrics.org/_rawdata/,Woodworth Psychoneurotic Inventory [dataset and codebook]. http://openpsychometrics.org/_rawdata/WPI.zip,,,Public,CC BY 4.0,,LCM,,"@misc{WPI,
  title = {Woodworth Psychoneurotic Inventory [dataset and codebook]},
  howpublished = {\\url{http://openpsychometrics.org/_rawdata/WPI.zip}},
  note = {Accessed via \\url{http://openpsychometrics.org/_rawdata/}}
}"
psychtools_epi,psychtools_epi,Eysenck Personality Inventory,https://cran.r-project.org/web/packages/psychTools/index.html,"Eysenck, H.J. and Eysenck, S. B.G. (1968). Manual for the Eysenck Personality Inventory.Educational and Industrial Testing Service, San Diego, CA.",,GPL-2 | GPL-3 ,Public,GPL-3,Data modified from original on 3-15-2023,BD,,"@manual{eysenck1968manual,
  title={Manual for the Eysenck Personality Inventory},
  author={Eysenck, Hans J. and Eysenck, Sybil B. G.},
  year={1968},
  publisher={Educational and Industrial Testing Service},
  address={San Diego, CA},
  url={https://cran.r-project.org/web/packages/psychTools/index.html}
}"
psychtools_msq,psychtools_msq,Motivational State Questionnaire,https://cran.r-project.org/web/packages/psychTools/index.html,"Revelle, W. and Anderson, K.J. (1998) Personality, motivation and cognitive performance: Final report to the Army Research Institute on contract MDA 903-93-K-0008. (https://www.personality-project. org/revelle/publications/ra.ari.98.pdf).",,GPL-2 | GPL-3 ,Public,GPL-3,Data modified from original on 3-15-2023,BD,,"@techreport{revelle1998personality,
  title={Personality, motivation and cognitive performance: Final report to the Army Research Institute on contract MDA 903-93-K-0008},
  author={Revelle, William and Anderson, K J},
  year={1998},
  institution={Army Research Institute},
  url={https://www.personality-project.org/revelle/publications/ra.ari.98.pdf}
}"
psychtools_sai,psychtools_sai,State anxiety data over multiple studies,https://cran.r-project.org/web/packages/psychTools/index.html,"Revelle, William and Anderson, Kristen Joan (1997) Personality, motivation and cognitive performance: Final report to the Army Research Institute on contract MDA 903-93-K-0008",,GPL-2 | GPL-3 ,Public,GPL-3,Data modified from original on 3-15-2023,BD,,"@techreport{revelle1997personality,
  title={Personality, motivation and cognitive performance: Final report to the Army Research Institute on contract MDA 903-93-K-0008},
  author={Revelle, William and Anderson, Kristen Joan},
  year={1997},
  institution={Army Research Institute},
  url={https://cran.r-project.org/web/packages/psychTools/index.html}
}"
ptam1_immer,ptam1_immer,Ratings of students (Example 3 of ConQuest manual,https://cran.r-project.org/web/packages/immer/index.html,,,GPL-2 | GPL-3 ,Public,GPL-3,Data modified from original on 2-7-2023,BD,,"@misc{immer,
  title = {immer: Item Response Models for Multiple Ratings},
  author = {},
  year = {},
  url = {https://cran.r-project.org/web/packages/immer/index.html},
  note = {CRAN - Package immer},
  organization = {CRAN}
}"
quantshort,quantshort,Item responses from Swedish college entrance exam.,https://cran.r-project.org/web/packages/TestGardener/index.html,"Ramsay J (2023). _TestGardener: Optimal Analysis of Test and Rating Scale Data_. R package version 3.1.4, <https://CRAN.R-project.org/package=TestGardener>.",,GPL-2 | GPL-3 ,Public,GPL-3,Data modified from original on 1-27-2023,BD,,"@Manual{TestGardener2023,
  title = {TestGardener: Optimal Analysis of Test and Rating Scale Data},
  author = {James Ramsay},
  year = {2023},
  note = {R package version 3.1.4},
  url = {https://CRAN.R-project.org/package=TestGardener}
}"
RDatasets_gssabortion,rdatasets_gssabortion,GSS data on abortion attitudes,https://vincentarelbundock.github.io/Rdatasets/,,,GPL-3,Public,GPL-3,Data modified from original on 3-15-2023,BD,,"@misc{Rdatasets,
    title = {R Datasets},
    author = {Arelbundock, Vincent},
    year = {2023},
    url = {https://vincentarelbundock.github.io/Rdatasets/},
    note = {Online repository of datasets from R packages}
}"
riasec,riasec,"Data from the Holland Code (RIASEC) Test, wherein participants rated how much they would like to perform certain tasks",http://openpsychometrics.org/_rawdata/,(2018). Holland Code (RIASEC) Test [dataset and codebook]. http://openpsychometrics.org/_rawdata/RIASEC_data12Dec2018.zip,,,Public,CC BY 4.0,,LCM,,"@misc{riasec2018,
  title = {Holland Code {(RIASEC)} Test [dataset and codebook]},
  year = {2018},
  url = {http://openpsychometrics.org/_rawdata/RIASEC_data12Dec2018.zip},
  howpublished = {\\url{http://openpsychometrics.org/_rawdata/}}
}"
rightwing_authoritariansim,rightwing_authoritariansim,Data from a survey that probes facist ideologies to try to understand those regimes and their followers,http://openpsychometrics.org/_rawdata/,"Altemeyer, B (2015). Right-wing Authoritarianism Scale [dataset and codebook]. https://openpsychometrics.org/_rawdata/RWAS.zip",,,Public,CC BY 4.0,,LCM,,"@misc{altemeyer2015rwa,
  author = {Altemeyer, B},
  year = {2015},
  title = {Right-wing {Authoritarianism} {Scale} [dataset and codebook]},
  url = {https://openpsychometrics.org/_rawdata/RWAS.zip},
  note = {Retrieved from http://openpsychometrics.org/_rawdata/}
}"
rollcall_house,rollcall_house,US House votes,https://voteview.com/articles/data_help_votes,"Lewis, Jeffrey B., Keith Poole, Howard Rosenthal, Adam Boche, Aaron Rudkin, and Luke Sonnet (2023). Voteview: Congressional Roll-Call Votes Database. https://voteview.com/",,,,,,BD,,"@misc{lewis2023voteview,
  title={Voteview: Congressional Roll-Call Votes Database},
  author={Lewis, Jeffrey B. and Poole, Keith and Rosenthal, Howard and Boche, Adam and Rudkin, Aaron and Sonnet, Luke},
  year={2023},
  url={https://voteview.com/},
  note={Accessed at https://voteview.com/articles/data_help_votes}
}"
rollcall_senate,rollcall_senate,US Senate votes,https://voteview.com/articles/data_help_votes,"Lewis, Jeffrey B., Keith Poole, Howard Rosenthal, Adam Boche, Aaron Rudkin, and Luke Sonnet (2023). Voteview: Congressional Roll-Call Votes Database. https://voteview.com/",,,,,,BD,,"@misc{lewis2023voteview,
  title={Voteview: Congressional Roll-Call Votes Database},
  author={Lewis, Jeffrey B. and Poole, Keith and Rosenthal, Howard and Boche, Adam and Rudkin, Aaron and Sonnet, Luke},
  year={2023},
  url={https://voteview.com/},
  note={Accessed at https://voteview.com/articles/data_help_votes}
}"
rosenberg_selfesteem,rosenberg_selfesteem,"Data from an interactive version of Experinces in Close Relationships Scale, where participants respond to statements about how they behave with those they have close relationships with",http://openpsychometrics.org/_rawdata/,"(2014). Roseberg Self-Esteem Scale [dataset and codebook]. http://openpsychometrics.org/_rawdata/RSE.zip///Brennan, K.; Clark, C.; Shaver, P. (1998). Self-report measures of adult romantic attachment. In J. Simpson and W. Rholes, Attachment Theory and Close Relationships. New York: Guilford Press.
",,,Public,CC BY 4.0,,LCM,,"@misc{roseberg2014,
  title={Roseberg Self-Esteem Scale [dataset and codebook]},
  author={Brennan, K. and Clark, C. and Shaver, P.},
  year={2014},
  url={http://openpsychometrics.org/_rawdata/RSE.zip},
  note={In J. Simpson and W. Rholes, Attachment Theory and Close Relationships. New York: Guilford Press}
}"
sds,sds,Item responses from the Symptom Distress Scale,https://cran.r-project.org/web/packages/TestGardener/index.html,"Ramsay J (2023). _TestGardener: Optimal Analysis of Test and Rating Scale Data_. R package version 3.1.4, <https://CRAN.R-project.org/package=TestGardener>.",,GPL-2 | GPL-3 ,Public,GPL-3,Data modified from original on 1-27-2023,BD,,"@Manual{TestGardener2023,
  title = {TestGardener: Optimal Analysis of Test and Rating Scale Data},
  author = {James Ramsay},
  year = {2023},
  note = {R package version 3.1.4},
  url = {https://CRAN.R-project.org/package=TestGardener}
}"
sexual_compulsivity,sexual_compulsivity,Answers to the Sexual Compulsivity Scale,http://openpsychometrics.org/_rawdata/,Sexual Compulsivity Scale [dataset and codebook]. http://openpsychometrics.org/_rawdata/SCS.zip,,,Public,CC BY 4.0,,LCM,,"@misc{SCS_dataset,
  title = {Sexual Compulsivity Scale [dataset and codebook]},
  howpublished = {\\url{http://openpsychometrics.org/_rawdata/SCS.zip}},
  note = {Accessed via \\url{http://openpsychometrics.org/_rawdata/}},
  year = {n.d.}
}"
SF12_MLCIRTwithin,sf12_mlcirtwithin,Quality of life items asked of oncology patients,https://cran.r-project.org/web/packages/MLCIRTwithin/index.html,"Ware, J., Kosinski, M., Turner-Bowker, D. and Gandek, B. (2002), SF-12v2. How to score version 2 of the SF-12 health survey, QualityMetric Incorporated: Lincoln.",,GPL-2 | GPL-3 ,Public,GPL-3,Data modified from original on 1-27-2023,BD,,"@book{ware2002sf12v2,
  title={SF-12v2: How to Score Version 2 of the SF-12 Health Survey},
  author={Ware, John and Kosinski, Mark and Turner-Bowker, Diane and Gandek, Barbara},
  year={2002},
  publisher={QualityMetric Incorporated},
  address={Lincoln},
  url={https://cran.r-project.org/web/packages/MLCIRTwithin/index.html}
}"
swmd_mokken,swmd_mokken,Well-being scale from students about teachers,https://cran.r-project.org/web/packages/mokken/index.html,"Zijsling, D., Keuning, J., Keizer-Mittelhaeuser, M.-A., Naaijer, H., & Timmermans, A. (2017). Cohortonderzoek COOL5-18: Technisch rapport meting VO-3 in 2014. Onderwijs/Onderzoek",,GPL-2 | GPL-3 ,Public,GPL-3,Data modified from original on 2-7-2023,BD,,"@techreport{zijsling2017cohortonderzoek,
  title={Cohortonderzoek COOL5-18: Technisch rapport meting VO-3 in 2014},
  author={Zijsling, D. and Keuning, J. and Keizer-Mittelhaeuser, M.-A. and Naaijer, H. and Timmermans, A.},
  year={2017},
  institution={Onderwijs/Onderzoek},
  type={Technical Report},
  url={https://cran.r-project.org/web/packages/mokken/index.html}
}"
tdri,tdri,Measure of inductive reasoning,https://figshare.com/articles/dataset/TDRI_dataset_csv/3142321,"Golino, H. F., & Gomes, C. M. (2015). Investigando estágios de desenvolvimento do raciocínio indutivo usando a análise fatorial confimatória, o Modelo Logístico Simples de Rasch e o modelo de teste logístico linear (Rasch Estendido). In H. F. Golino, C. M. Gomes, A. Amantes, & G. Coelho, Psicometria Contemporânea: Compreendendo os Modelos Rasch (pp. 283-331). São Paulo: Casa do Psicólogo/Pearson.",,CC BY 4.0,Public,CC BY 4.0,Data modified from original on 3-15-2023. Original license available at: https://creativecommons.org/licenses/by/4.0/,BD,,"@incollection{golino2015investigando,
  author = {Golino, Hudson F. and Gomes, Cristiano M.},
  title = {Investigando est{\\'a}gios de desenvolvimento do racioc{\\'\\i}nio indutivo usando a an{\\'a}lise fatorial confimat{\\'o}ria, o Modelo Log{\\'\\i}stico Simples de Rasch e o modelo de teste log{\\'\\i}stico linear (Rasch Estendido)},
  booktitle = {Psicometria Contempor{\\^a}nea: Compreendendo os Modelos Rasch},
  editor = {Golino, Hudson F. and Gomes, Cristiano M. and Amantes, Amanda and Coelho, Gabriel},
  year = {2015},
  pages = {283--331},
  publisher = {Casa do Psic{\\'o}logo/Pearson},
  address = {S{\\~a}o Paulo},
  url = {https://figshare.com/articles/dataset/TDRI_dataset_csv/3142321}
}"
tenseness_pcmrs,tenseness_pcmrs,Tenseness from the Freiburg Complaint Checklist,https://cran.r-project.org/web/packages/PCMRS/index.html,"ZPID (2013). PsychData of the Leibniz Institute for Psychology Information ZPID. Trier: Center
for Research Data in Psychology.",,GPL-2 | GPL-3 ,Public,GPL-3,Data modified from original on 2-13-2023,BD,,"@misc{ZPID2013,
  author = {ZPID},
  title = {PsychData of the {Leibniz} {Institute} for {Psychology} {Information} {ZPID}},
  year = {2013},
  address = {Trier},
  publisher = {Center for Research Data in Psychology},
  url = {https://cran.r-project.org/web/packages/PCMRS/index.html}
}"
timss_tam,timss_tam,TIMSS 2011 data from Australian and Taiwanese students,https://cran.r-project.org/web/packages/TAM/index.html,"Robitzsch A, Kiefer T, Wu M (2022). TAM: Test Analysis Modules. R package version 4.1-4, https://CRAN.R-project.org/package=TAM.",,GPL-2 | GPL-3 ,Public,GPL-3,Data modified from original on 1-27-2023,BD,,"@Manual{TAM2022,
  title = {TAM: Test Analysis Modules},
  author = {Alexander Robitzsch and Thomas Kiefer and Margaret Wu},
  year = {2022},
  note = {R package version 4.1-4},
  url = {https://CRAN.R-project.org/package=TAM}
}"
vocabulary_iq,vocabulary_iq,Data on vocabulary knowledge and personality items,http://openpsychometrics.org/_rawdata/,(2018). Vocabulary IQ Test [dataset and codebook]. http://openpsychometrics.org/_rawdata/VIQT_data.zip,,,Public,CC BY 4.0,,LCM,,"@misc{VIQT2018,
  title = {Vocabulary {IQ} {Test} [dataset and codebook]},
  year = {2018},
  url = {http://openpsychometrics.org/_rawdata/VIQT_data.zip},
  howpublished = {\\url{http://openpsychometrics.org/_rawdata/}}
}"
wordsum,wordsum,Ten item vocabulary test included in General Social Suvey (https://en.wikipedia.org/wiki/Wordsum),https://gss.norc.org/get-the-data/stata,"Malhotra, N., Krosnick, J. A., & Haertel, E. (2007). The psychometric properties of the GSS Wordsum vocabulary test. GSS Methodological Report, 11, 1-63.",,,,,,BD,,"@techreport{malhotra2007psychometric,
  title={The psychometric properties of the GSS Wordsum vocabulary test},
  author={Malhotra, Neil and Krosnick, Jon A and Haertel, Edward},
  year={2007},
  institution={GSS},
  number={11},
  pages={1--63},
  type={Methodological Report},
  url={https://gss.norc.org/get-the-data/stata}
}"
wpi_math_assistments,wpi_math_assistments,"Items from online algebra tutoring, assessing whether students get the item correct on the first attempt",https://pslcdatashop.web.cmu.edu/Files?datasetId=92,"Heffernan, N. (2010). 2004-2005 question level data [data set]. DataShop @ CMU. https://pslcdatashop.web.cmu.edu/Files?datasetId=92",,,Private,,,LCM,,"@misc{heffernan2010,
  author = {Heffernan, N.},
  year = {2010},
  title = {2004-2005 question level data [data set]},
  publisher = {DataShop @ CMU},
  url = {https://pslcdatashop.web.cmu.edu/Files?datasetId=92}
}"
nbashots,nbashots,NBA shots by player,https://github.com/DomSamangy/NBA_Shots_04_23,,,,,,,bd,2024/3/8 0:00,"@misc{Samangy2023NBAShots,
    title = {NBA Shots 04 23},
    author = {Samangy, Dom},
    year = {2023},
    publisher = {GitHub},
    journal = {GitHub repository},
    url = {https://github.com/DomSamangy/NBA_Shots_04_23}
}"
hmcdm_spatialreasoning,hmcdm_spatialreasoning,Data from a spatial reasoning task (fifth wave of data collection),https://cran.r-project.org/web/packages/hmcdm/index.html,"Zhang S, Wang S, Chen Y, Kwon S (2023). _hmcdm: Hidden Markov Cognitive Diagnosis Models for Learning_. R package version  2.1.1, <https://CRAN.R-project.org/package=hmcdm>.",,GPL-2 | GPL-3,Public,GPL-3,Data reformatted from original on 3-13-2024.,bd,,"@Manual{hmcdm2023,
  title = {hmcdm: Hidden Markov Cognitive Diagnosis Models for Learning},
  author = {Susu Zhang and Shiyu Wang and Yi Chen and Seungman Kwon},
  year = {2023},
  note = {R package version 2.1.1},
  url = {https://CRAN.R-project.org/package=hmcdm}
}"
Veterans.Affairs.SSVF.Survey.2016-17,veterans.affairs.ssvf.survey.2016-17,VA Satisfaction survey related to supportive services for low-income veterans (2016-2017),https://github.com/data-liberation-project/va-ssvf-survey-data,https://www.data-liberation-project.org/datasets/va-ssvf-survey-data/,, CC BY-SA 4.0 ,Public, CC BY-SA 4.0 ,,bd/lynn99kek,2024/3/26 0:00,"@misc{va_ssvf_survey,
  title = {VA SSVF Survey Data},
  author = {Data Liberation Project},
  year = {2023},
  howpublished = {\\url{https://www.data-liberation-project.org/datasets/va-ssvf-survey-data/}},
  url = {https://github.com/data-liberation-project/va-ssvf-survey-data},
  note = {Accessed: 2023}
}"
Veterans.Affairs.SSVF.Survey.2018-20,veterans.affairs.ssvf.survey.2018-20,VA Satisfaction survey related to supportive services for low-income veterans (2-18-2020),https://github.com/data-liberation-project/va-ssvf-survey-data,https://www.data-liberation-project.org/datasets/va-ssvf-survey-data/,, CC BY-SA 4.0 ,Public, CC BY-SA 4.0 ,,bd/lynn99kek,2024/3/27 0:00,"@misc{va_ssvf_survey,
  title = {VA SSVF Survey Data},
  author = {Data Liberation Project},
  year = {2023},
  howpublished = {\\url{https://www.data-liberation-project.org/datasets/va-ssvf-survey-data/}},
  url = {https://github.com/data-liberation-project/va-ssvf-survey-data},
  note = {Accessed: 2023}
}"
PTAM_Kretzschmar_2017_MicroFIN,ptam_kretzschmar_2017_microfin,MicroFIN battery of comlex reasoning tasks from Latvian high school students,https://osf.io/wp3z4/,"Kretzschmar, A., Hacatrjana, L., & Rascevska, M. (2017). Re-evaluating the psychometric properties of MicroFIN: A multidimensional measurement of complex problem solving or a unidimensional reasoning test?. Psychological Test and Assessment Modeling, 59(2), 157-182.",,CC-By Attribution 4.0 International,Public,CC-By Attribution 4.0 International,,arthur,2024/9/22 0:00,"@article{kretzschmar2017re,
  title={Re-evaluating the psychometric properties of {MicroFIN}: {A} multidimensional measurement of complex problem solving or a unidimensional reasoning test?},
  author={Kretzschmar, Andr{\\'e} and Hacatrjana, Liena and Rascevska, Malgozata},
  journal={Psychological Test and Assessment Modeling},
  volume={59},
  number={2},
  pages={157--182},
  year={2017},
  url={https://osf.io/wp3z4/}
}"
PTAM_Kretzschmar_2017_Reasoning,ptam_kretzschmar_2017_reasoning,Quantitative and verbal reasoning tasks from Latvian high school students,https://osf.io/wp3z4/,"Kretzschmar, A., Hacatrjana, L., & Rascevska, M. (2017). Re-evaluating the psychometric properties of MicroFIN: A multidimensional measurement of complex problem solving or a unidimensional reasoning test?. Psychological Test and Assessment Modeling, 59(2), 157-182.",,CC-By Attribution 4.0 International,Public,CC-By Attribution 4.0 International,,arthur,2024/9/22 0:00,"@article{kretzschmar2017re,
  title={Re-evaluating the psychometric properties of {MicroFIN}: {A} multidimensional measurement of complex problem solving or a unidimensional reasoning test?},
  author={Kretzschmar, Andr{\\'e} and Hacatrjana, Liena and Rascevska, Malgozata},
  journal={Psychological Test and Assessment Modeling},
  volume={59},
  number={2},
  pages={157--182},
  year={2017},
  url={https://osf.io/wp3z4/}
}"
PTAM_Kretzschmar_2017_Raven,ptam_kretzschmar_2017_raven,Ravens tasks from Latvian high school students,https://osf.io/wp3z4/,"Kretzschmar, A., Hacatrjana, L., & Rascevska, M. (2017). Re-evaluating the psychometric properties of MicroFIN: A multidimensional measurement of complex problem solving or a unidimensional reasoning test?. Psychological Test and Assessment Modeling, 59(2), 157-182.",,CC-By Attribution 4.0 International,Public,CC-By Attribution 4.0 International,,arthur,2024/9/22 0:00,"@article{kretzschmar2017re,
  title={Re-evaluating the psychometric properties of {MicroFIN}: {A} multidimensional measurement of complex problem solving or a unidimensional reasoning test?},
  author={Kretzschmar, Andr{\\'e} and Hacatrjana, Liena and Rascevska, Malgozata},
  journal={Psychological Test and Assessment Modeling},
  volume={59},
  number={2},
  pages={157--182},
  year={2017},
  url={https://osf.io/wp3z4/}
}"
QADT_Kleka_2023,qadt_kleka_2023,Attainment of Developmental Tasks,https://osf.io/6vqp3/,"Kleka, P. (2024, March 4). Achieving mental wellness in school-aged children: Validating a questionnaire to measure developmental task completion (QADT). Retrieved from osf.io/6vqp3",,email permission from authors,Public,CC BY 4.0,,Savira,2024/10/10 0:00,"@misc{kleka_2024,
  author = {Kleka, Pawel},
  title = {Achieving mental wellness in school-aged children: {Validating} a questionnaire to measure developmental task completion ({QADT})},
  year = {2024},
  month = {mar},
  url = {https://osf.io/6vqp3},
  note = {Retrieved March 4, 2024}
}"
environment_ltm,environment_ltm,Attitude towards the environment,https://cran.r-project.org/web/packages/ltm/index.html,"Brook, L., Taylor, B. and Prior, G. (1991) British Social Attitudes, 1990, Survey. London: SCPR.",,GPL-2 | GPL-3 ,Public,GPL-3,Data modified from original on 11-6-2024,,,"@book{brook1991british,
  title={British Social Attitudes, 1990, Survey},
  author={Brook, L. and Taylor, B. and Prior, G.},
  year={1991},
  publisher={SCPR},
  address={London},
  url={https://cran.r-project.org/web/packages/ltm/index.html}
}"
science_ltm,science_ltm,Attitude to science and technology,https://cran.r-project.org/web/packages/ltm/index.html,"Karlheinz, R. and Melich, A. (1992) Euro-Barometer 38.1: Consumer Protection and Perceptions of Science and Technology. INRA (Europe), Brussels. [computer file]",,GPL-2 | GPL-3 ,Public,GPL-3,Data modified from original on 11-6-2024,,,"@misc{karlheinz1992euro,
  title={Euro-Barometer 38.1: Consumer Protection and Perceptions of Science and Technology},
  author={Karlheinz, R. and Melich, A.},
  year={1992},
  publisher={INRA (Europe)},
  address={Brussels},
  note={[computer file]},
  url={https://cran.r-project.org/web/packages/ltm/index.html}
}"
DbdIFdM_Puga_2021,dbdifdm_puga_2021,Inventory of Mindfulness,https://osf.io/ymj6u/,"Puga, J. L., García, M. S., Moya-Faz, F. J., FJ Moya-Faz, & Ruiz-Ruano, A. M. (2022, February 24). Datos brutos del Inventario Friburgo de Mindfulness. Retrieved from osf.io/ymj6u",,GNU Lesser General Public License (LGPL) 3.0,Public,GNU Lesser General Public License (LGPL) 3.0,Data modified from original on 11-11-2024,arthur,2024/11/12 0:00,"@misc{Puga2022,
  author = {Puga, J. L. and García, M. S. and Moya-Faz, F. J. and Moya-Faz, FJ and Ruiz-Ruano, A. M.},
  title = {Datos brutos del {Inventario} {Friburgo} de {Mindfulness}},
  year = {2022},
  note = {Retrieved from osf.io/ymj6u},
  url = {https://osf.io/ymj6u/},
  month = {February}
}"
KanjiOAHaS_Inoue_2024,kanjioahas_inoue_2024,Online Assessment of Handwriting and Spelling: OAHaS,https://osf.io/gver2/,"Inoue, T., Chen, Y., & Ohyanagi, T. (2024, June 19). Assessing Handwriting Skills in a Web Browser: Development and Validation of an Automated Online Test in Japanese Kanji. Retrieved from osf.io/gver2",,CC 4.0,Public,CC 4.0,,savira,2024/11/21 0:00,"@misc{inoue2024assessing,
  title={Assessing Handwriting Skills in a Web Browser: Development and Validation of an Automated Online Test in Japanese Kanji},
  author={Inoue, T. and Chen, Y. and Ohyanagi, T.},
  year={2024},
  month={June},
  day={19},
  url={https://osf.io/gver2},
  note={Retrieved from osf.io/gver2}
}"
Ellipse_Corssley_2024,ellipse_corssley_2024,"The English Language Learner Insight, Proficiency and Skills Evaluation (ELLIPSE)",https://github.com/scrosseye/ELLIPSE-Corpus?tab=readme-ov-file#readme,"Crossley, S. A., Tian, Y., Baffour, P., Franklin, A., Kim, Y., Morris, W., Benner, B., Picou, A., & Boser, U. (2023). Measuring second language proficiency using the English Language Learner Insight, Proficiency and Skills Evaluation (ELLIPSE) Corpus. International Journal of Learner Corpus Research, 9 (2), 248-269.",,CC BY-NC-SA 4.0,Public,CC BY-NC-SA 4.0,Data modified from original. Cannot be used for any commercial purpose. See license at: https://creativecommons.org/licenses/by-nc-sa/4.0/,arthur,2024/11/27 0:00,"@article{crossley2023measuring,
  title={Measuring second language proficiency using the {English} {Language} {Learner} {Insight}, {Proficiency} and {Skills} {Evaluation} ({ELLIPSE}) {Corpus}},
  author={Crossley, Scott A. and Tian, Yingfei and Baffour, Perpetual and Franklin, Ashleigh and Kim, Yeonjoo and Morris, William and Benner, Benjamin and Picou, Amanda and Boser, Ulrich},
  journal={International Journal of Learner Corpus Research},
  volume={9},
  number={2},
  pages={248--269},
  year={2023},
  url={https://github.com/scrosseye/ELLIPSE-Corpus?tab=readme-ov-file#readme}
}"
sat12_wilson_2003,sat12_wilson_2003,grade 12 science assessment test (SAT),https://github.com/philchalmers/mirt/blob/main/data/SAT12.RData,"Wood, R., Wilson, D. T., Gibbons, R. D., Schilling, S. G., Muraki, E., & Bock, R. D. (2003). TESTFACT 4 for Windows: Test Scoring, Item Statistics, and Full-information Item Factor Analysis [Computer software]. Lincolnwood, IL: Scientific Software International.",,GPLv3,Public,GPLv3,,arthur,1-2-2025,"@misc{wood2003testfact, author = {Wood, R. and Wilson, D. T. and Gibbons, R. D. and Schilling, S. G. and Muraki, E. and Bock, R. D.}, title = {TESTFACT 4 for Windows: Test Scoring, Item Statistics, and Full-information Item Factor Analysis}, year = {2003}, type = {Computer software}, address = {Lincolnwood, IL}, publisher = {Scientific Software International} }"
